Name ,Website ,Category,DA ,
Tech | Time,https://time.com/section/tech/,Media,94,
Huffingtonpost,http://www.huffingtonpost.com/,Media ,94,
Forbes Technology,http://www.forbes.com/technology/,Media  ,94,
Guardian Technology,http://www.theguardian.com/uk/technology,Media  ,94,
HuffPost,https://www.huffpost.com/,Media  ,94,
SourceForge,https://sourceforge.net/software/vendors/new,Directory,93,
The Verge,https://www.theverge.com/,Media,93,
The Wall Street Journal,https://www.wsj.com/,Media,93,
Mashable,http://mashable.com/,Media ,93,
Mashable India,https://in.mashable.com/,Media ,93,
CNET,https://www.cnet.com/news/,Media  ,93,
Engadget,http://www.engadget.com/,Media  ,93,
Gizmodo,http://www.gizmodo.com/,Media  ,93,
Psychology Today,https://www.psychologytoday.com/us,Media  ,93,
TechCrunch,https://techcrunch.com/,Media  ,93,
Wired,http://www.wired.com/,Media  ,93,
Quora,www.quora.com ,Q&A platform,93,
Behance,http://behance.net/,Creative ,92,
Dribbble,https://dribbble.com/,Design,92,
Slide Share,https://www.slideshare.net/,Directories,92,
Source Forge,https://sourceforge.net/,Directories,92,
Softonic,https://en.softonic.com/android,Directory ,92,
"BostInno Startups, Tech News and Events",bizjournals.com,Media ,92,
Digg,digg.com,Media ,92,
Entrepreneur,Entrepreneur.com,Media ,92,
Fast Company,https://www.fastcompany.com/,Media  ,92,
Fastcompany,http://www.fastcompany.com/,Media  ,92,
PCMag,https://www.pcmag.com/,Media  ,92,
Slate,https://slate.com/pitch,Media  ,92,
about me,https://about.me/,Your personal homepage,92,
ProductHunt,producthunt.com,Community,91,
Crunchbase ,crunchbase.com,Directory,91,
GetApp,https://www.gartner.com/en/digital-markets/basic-listing,Directory,91,
Crunchbase,https://www.crunchbase.com/,Discord,91,
MIT Technology Review,https://www.technologyreview.com/,Media,91,
Android Authority,androidauthority.com,Media ,91,
Android Central,https://www.androidcentral.com/,Media ,91,
Healthline,healthline.com,Media ,91,
Inc. Magazine,https://www.inc.com/,Media  ,91,
PC World,https://www.pcworld.com/,Media  ,91,
Venture Beat,https://venturebeat.com/,Media  ,91,
Stripe,https://stripe.com/en-in/partner-proqram,Partner Program,91,
About .me,http://about.me/signup/start,directory,90,
Business Insider India,https://www.businessinsider.in/,Media  ,90,
Make Use of,https://www.makeuseof.com/contributor/,Media  ,90,
MakeUseOf,http://www.makeuseof.com/,Media  ,90,
ArtStation,https://www.artstation.com/,"ArtStation is the leading showcase platform for games, film, media & entertainment artists.",89,
Atlassian,https://www.atlassian.com/blog/trello/trello-collection-atlassian-community,Community,89,
HackerNews ,https://news.ycombinator.com/showhn.html,Forum,89,
Hacker News,https://news.ycombinator.com/,Hacker News,89,
Smashing Magazine,https://www.smashingmagazine.com/,Media,89,
The Register UK,http://www.theregister.co.uk/,Media  ,89,
Geekwire,Geekwire.com,Directory,88,
Tech in Asia,https://www.techinasia.com/companies/create,Directory,88,
FreeCodeCamp,https://forum.freecodecamp.org/,Forum,88,
TechRepublic,https://www.techrepublic.com/,Forums,88,
HackerNoon,https://hackernoon.com/,Media  ,88,
AlternativeTo,http://alternativeto.net/,Directory,87,
SitePoint Forums ,https://www.sitepoint.com/community/,Community,86,
YourStory,https://yourstory.com/,Media,86,
InfoWorld,https://www.infoworld.com/,Media  ,86,
InstaPaper,https://www.instapaper.com,Directories,85,
GoodFirms,https://www.goodfirms.co/,directory,85,
Addictive Tips,https://www.addictivetips.com/tip-us/,media,85,
Android Headlines,https://www.androidheadlines.com/,Media  ,85,
SiliconANGLE,https://siliconangle.com/,Media  ,85,
Towards Data Science,https://towardsdatascience.com/,Publication,85,
DEV Community,http://dev.to/,Community,84,
Devpost,https://devpost.com/software,Community ,84,
Get App,https://www.getapp.com/,Directories,84,
CodeProject,https://www.codeproject.com/,Platform ,84,
Mac Stories,http://www.macstories.net/,Media ,82,
Tech.co,https://tech.co/,Media  ,82,
Media Index Kochava,https://media-index.kochava.com/,Directories,80,
G2,http://g2.com/products/new,Directory,80,
Read .cv,http://read.cv,directory,80,
Biggerpockets.com,Biggerpockets.com,Community,79,
solo to,https://solo.to/,A platform for creating a unified online presence.,78,
ActiveSearch,https://www.activesearchresults.com/,Directories,78,
WebWiki,https://www.webwiki.com/info/add-website.html,directory,78,
Inc42,https://inc42.com/startup-submission/,Media ,78,
G2crowd.com,g2.com,Directories,77,
e27,https://e27.co/,Media ,77,
Aapsense,https://www.apsense.com/,Directories,76,
DealRoom,https://app.dealroom.co/companies/fintern,directory,76,
Startup Digest: More Than Just a Newsletter | Techstars,https://www.techstars.com/communities/startup-digest,Events ,76,
Getting Smart,https://www.gettingsmart.com/,Media  ,75,
Software World,https://www.softwareworld.co/,Directories,74,
Sitejabber,https://www.sitejabber.com/,Directory,74,
Alternative Me,https://alternative.me/,Directories,73,
Alternative To,https://alternativeto.net/,Directories,73,
Vccircle,https://www.vccircle.com/company/directory,Directory,73,
Babel Slack,https://slack.babeljs.io/,Slack community ,73,
Alternative .me,http://alternative.me/how-to/submit-software,ai directory,72,
F6S,https://www.f6s.com/,Community ,72,
All top startups,http://alltopstartups.com/submit-startup/,Directory,72,
AllTopStartups,https://alltopstartups.com/,Media ,72,
FinancesOnline.com,FinancesOnline.com,Media ,72,
Vator,https://vator.tv,Media  ,72,
Crowd Reviews,http://crowdreviews.com/,Directories,71,
Software Review,https://provider.softwarereviews.com/,Directories,71,
EU Tech,https://tech.eu/,Media  ,71,
Libhunt,https://www.libhunt.com/,Directories,70,
Built in Chicago,https://www.builtinchicago.org/contact/send_us_tip,Media  ,70,
Cloud Native Computing Foundation,https://slack.cncf.io/,Slack community ,70,
Startups UK,startups.co.uk,Directories,69,
All Top,https://alltop.com/,Directory,69,
Tekpon,http://tekpon.com/get-listed,directory,69,
Site Jabber,sitejabber.com,Directories,68,
Cool mom picks,coolmompicks.com,Directories,67,
Dang,http://dang.ai/submit,directory,67,
EU-Startups Database,https://www.eu-startups.com/directory/,Directory ,67,
Growth hackers,https://community.growthhackers.com/,Forum,67,
Growth Hackers ,growthhackers.com,Community,66,
StartupRanking ,https://www.startupranking.com/,directory,66,
List Your Software & Get Qualified Leads,https://www.softwareadvice.com/vendors/,MarketPlace,66,
Alltopstartups.com,alltopstartups.com,Directories,65,
Springwise,springwise.com,Directories,65,
Startup Grind,https://www.startupgrind.com/,Slack Community,65,
Bunity,https://www.bunity.com/,Community,64,
Foundr,Foundr.com,Media ,64,
SaaStr,https://www.saastr.com/,"B2B SaaS Training, Events & More to Scale Your Business",63,
Tricky Enough,https://www.trickyenough.com/,Directories,61,
AppSumo,https://sell.appsumo.com/,Launch Platform,61,
Cloud Foundry,https://slack.cloudfoundry.org/,Slack community ,61,
TechnologyAdvice,https://technologyadvice.com/,B2B Media Services for Technology Companies,60,
Killerstartups,killerstartups.com,Directories,60,
Betalist,http://betalist.com/,Directory,60,
All my faves,https://allmyfaves.com/,Tools ,60,
Famous AI Tools,https://famousaitools.ai/,AI Marketing Company,59,
Startupxplore,https://startupxplore.com/en/startups,Directory,59,
Slant,http://slant.co,Community,58,
Uplabs,https://www.uplabs.com/submit,Directories,58,
Makerlog,https://getmakerlog.com/,directory,58,
Webrazzi,http://webrazzi.com/en/startup-form/,Media ,58,
People Ops & HR Community ,https://lattice.com/community/rfh,Slack Community ,58,
SaaS Tools,https://saasaitools.com/,Community,57,
EU startups,eu-startups.com,Directories,57,
hotfrog,https://www.hotfrog.com/,Get found online,57,
Slant.co,https://www.slant.co/,PRODUCT RANKINGS FOR ALL YOUR SHOPPING NEEDS,57,
StackShare,https://stackshare.io/,Tech Stack Intelligence,57,
Devhunt,https://devhunt.org/,ai directory,56,
Mind the product,http://slack.mindtheproduct.com/,Community,56,
Data Quest,https://www.dataquest.io/chat,Community ,56,
All Software Categories - GoodFirms,https://www.goodfirms.co/directories/software,Directory,55,
Alternative.me,http://alternative.me/,Directory,55,
WIP,http://wip.co/projects/new,directory,55,
Tech directory,http://techdirectory.io/get-listed,Directory ,55,
NextBigWhat,https://nextbigwhat.com/,Media  ,55,
WP Newsify,https://wpnewsify.com/,Media  ,55,
TechDirectory,https://www.techdirectory.io/,Technology Business Directory,55,
FiveTaco,http://fivetaco.com/submit,directory,54,
Indiehackers,https://www.indiehackers.com/,Forum,54,
Changelog,https://changelog.com/news/submit,Media ,54,
Venture Village,http://venturevillage.eu/,Media ,54,
Product School,https://www.productschool.com/slack-community/,Slack Community ,54,
AI TOOL GURU,https://aitoolguru.com/,AI tools directory,53,
Tracxn,https://tracxn.com/,Startup platform ,53,
NoCodeDevs,https://www.nocodedevs.com/,Directories,52,
NoCodeFounders,https://nocodefounders.com/,Directories,52,
Software Suggest,https://www.softwaresuggest.com/vendors,Directory,52,
CoFoundersLab,https://cofounderslab.com/,Community ,51,
DevDojo,https://devdojo.com/,Dev Community,50,
Snap Munk,https://startups.snapmunk.com/,Directory,50,
Techli,https://techli.com/,Media  ,50,
Betabound,https://betabound.com/,Beta testing ,49,
Beta Bound,betabound.com ,Directory,49,
Serchen,https://www.serchen.com/get-listed/,Directory,49,
Netted,http://netted.net/contact-us/,Media ,49,
Designer News,designernews.co,Community,48,
devRant,https://devrant.com/,Community ,48,
Web Design Inspiration,webdesign-inspiration.com,Directories,48,
PitchWall,https://pitchwall.co/,Directory,48,
Startup Stash,https://startupstash.com/add-listing/,Directory,48,
Starter Story,https://www.starterstory.com/,Interviews ,48,
Lobsters,https://lobste.rs/,Launch Platform,48,
Elpha,https://elpha.com,Community,47,
eCommerceFuel,https://www.ecommercefuel.com/,Community ,47,
LaunchingNext ,https://www.launchingnext.com/submit/,directory,47,
SideProjectors,https://www.sideprojectors.com/,Directory,46,
Fastlane Forum,https://www.thefastlaneforum.com/community/,Community,45,
Indie Hackers,indiehackers.com,Community,45,
Ben's Bites News,http://news.bensbites.co/submit,directory,45,
BigStartups,https://bigstartups.co/,directory,45,
Insidr AI Tools,http://insidr.ai/submit-tools,directory,45,
Venture Radar,https://www.ventureradar.com/database/,Directory,45,
Workspaces,http://workspaces.xyz/submit-a-workspace-workspaces,directory,45,
Thingtesting,https://thingtesting.com/submit-brand,Directory ,45,
Land Book,https://land-book.com,Design,44,
Cabinet M,cabinetm.com,Directories,44,
Mars AI Directory,http://marsx.dev/ai-startups,directory,44,
Startup Buffer,http://startupbuffer.com/,Directory,44,
There's An AI For That,https://theresanaiforthat.com/,Directory,44,
Tiny Startups,http://tally.so/r/wMzP8X,directory,44,
Beta Bound,betabound.com ,Directory,49,Medium Impact 
Launching Next,http://launchingnext.com/,Directory,39,Medium Impact
GeekWire,http://geekwire.com/startup-list/,Directory,88,High Impact
TrustRadius,http://trustradius.com/,Review Site ,70,high impact
Web Tools Weekly ,http://webtoolsweekly.com/submit,Directory ,37,medium impact
Read.cv,https://read.cv/,Platform,44,
Real World Beta Testing,https://betatesting.com/beta-testing,Beta testing ,43,
Remote Tools,https://www.remote.tools/,Community,43,
Buffer apps,https://www.bufferapps.com/,Directory,43,
Product HQ,https://www.productmanagerhq.com/join-the-community/,Community ,42,
Sidebar.io,Sidebar.io,Directories,42,
webcatalog,https://webcatalog.io/en/apps,Find the right software and services.,42,
Online Geniuses,https://onlinegeniuses.com/marketplace,Slack community ,42,
Online Geniuses ,https://onlinegeniuses.com/,Slack Community ,42,
land-book,land-book.com,Directories,41,
Startup Buffer,http://startupbuffer.com/,Directory,44,medium impact
Startup Europe,http://startupeurope.net/,Directory,16,low impact
Startup Europe,http://startupeurope.net/,Directory,16,low impact
,,,,
Superb Crew,http://www.superbcrew.com/,Media  ,41,
Future Startup,https://futurestartup.com/,Publication ,41,
Futurepedia,https://www.futurepedia.io/,AI directory,40,
Find Gift,https://www.findgift.com/,Directories,40,
Phygital,https://library.phygital.plus,Directories,40,
SaaS Hub,Saashub.com,Directory,40,
SaaS Worthy,https://www.saasworthy.com/,Directory,40,
Landing Folio,https://www.landingfolio.com,Directory ,40,
SaaSHub,http://saashub.com/,Directory ,40,
Tech Pluto,https://techpluto.com/,Media ,40,
TechPluto,http://www.techpluto.com/submit-a-startup/,Media  ,40,
Hcilab,http://Hcilab.org/ai-tools-directory,The hcilab.org research website,40,
Launching Next,http://launchingnext.com/,Directory,39,
fyple,https://www.fyple.com/,Find businesses and services in United States,39,
Supertools,https://supertools.therundown.ai/,AI directory,38,
startup lister,https://startuplister.com/,Directories,38,
Tech Tools Directory,https://www.nocode.tech/tools,Directory,38,
buildspace,https://sage.buildspace.so/,Platform ,38,
TopAI.tools,https://topai.tools/,AI directory,37,
Web Tools Weekly ,http://webtoolsweekly.com/submit,Directory ,37,
Submit A Startup,http://thetechpanda.com/submit-a-startup/,Media ,37,
OpenAlternative,http://openalternative.co/submit,directory,36,
Classical Finance,https://www.classicalfinance.com/your-story/,Media  ,36,
Crazy About Startups,https://www.crazyaboutstartups.com/,Media  ,36,
The Startup Pitch,https://thestartuppitch.com/,Website/Directory,36,
dang ai,https://dang.ai/,AI Tools Directory,35,
Admire The Web,https://www.admiretheweb.com/,Design ,35,
AIxploria,https://www.aixploria.com/en/add-ai/,Directories,35,
Top Apps,https://topapps.ai/submit,Directories,35,
Foundr.ai,https://foundr.ai/,Discover The Best AI Tools,35,
Women in Technology,http://witchat.github.io/,Slack Community,35,
Techboard,https://techboard.com.au/,startup data,35,
Toolify,https://www.toolify.ai/,AI directory,34,
Ctrl Alt,https://ctrlalt.cc/,Directories,34,
Romanian Startups,https://www.romanianstartups.com/,Directory,34,
Startup Tracker,https://startuptracker.io/,Directory ,34,
Future Tools,https://www.futuretools.io/,Future Tools - Find The Exact AI Tool For Your Needs,34,
Startups List,https://www.startups-list.com/,List ,34,
Startup88,https://startup88.com/,Media  ,34,
Top Similar Sites,http://www.topsimilarsites.com/add.aspx,Similar sites ,34,
Vic Trays,https://victrays.com/,Directories,33,
Promotehour,https://promotehour.com/,Directory,33,
RobinGood,https://tools.robingood.com/,Directory,33,
Startuplister,http://startuplister.com,directory,33,
Robin Good's Tools,http://tools.robingood.com/,Directory ,33,
New Startups,http://new-startups.com/,Media ,33,
No Code Founders,https://nocodefounders.com/startups,Slack Community,33,
Peerlist,https://peerlist.io/,Directory,32,
iOS Developers,https://ios-developers.io/,Slack community,32,
Product-Led Alliance,https://www.productledalliance.com/,Slack Community,32,
Hive Index,https://thehiveindex.com/submit/,Directory ,31,
GenZ VCs ,https://www.genzvcs.com/join-us,Slack Community ,31,
Getworm.com,getworm.com,Directories,30,
Robin Good's T5,http://tools.robingood.com/,Directories,30,
AllThingsAI,https://allthingsai.com/,AI Tools Directory,29,
Creative Tribes,http://creativetribes.co/,Community,29,
founderio,https://www.founderio.com/,Community ,29,
Appsthunder,https://appsthunder.com,Directories,29,
Digital Marketing Hints,https://ads.digitalmarketinghints.com/,Directories,29,
Spectacle,https://spectacle.is/submit,Directories,29,
Webapprater,https://webapprater.com,Directories,29,
Startup inspiration,https://www.startupinspire.com/,Directory,29,
Inspiration gallery for startups,http://startupinspire.com/startups,Directory ,29,
Startuptabs,http://startuptabs.com/,Directory ,29,
Techendo,http://techendo.com/beta,Directory ,29,
Worm,https://getworm.com/submit-startup,Directory ,29,
Startups.watch,https://startups.watch/,MarketPlace,29,
Allthingsai.com,http://Allthingsai.com,Supercharge Your Career With AI,29,
Front-End Developers,http://frontenddevelopers.org/,Community,28,
9Sites.net ,https://www.9sites.net/addurl.php,Directory ,28,
Startup Collections,http://startupcollections.com/,Launch site ,28,
aitools.fyi,https://aitools.fyi/,AI directory,27,
Easy With AI,https://easywithai.com/,AI directory,27,
AI Library,https://library.phygital.plus/,AI Library,27,
Phygital.plus,http://library.phygital.plus,AI Library,27,
IndieHackerStacks,http://indiehackerstacks.com,directory,27,
Startup Inspire,http://startupinspire.com/dashboard/startup/create,directory,27,
Easywithai.com,http://Easywithai.com,Easy With AI - Best AI Tools & Services,27,
TechLondon,https://techlondon.io/,Slack Community ,27,
AI Toolkit,https://www.aitoolkit.org/,Directories,26,
Landscape,https://www.landscape.vc/community,Slack Community ,26,
AI Scout,https://aiscout.net/,AI directory,25,
OpenTools,https://opentools.ai/,AI Tools Directory,25,
Android United,http://android-united.community/,Community,25,
Unita ,https://www.unita.co/,Community reviews ,25,
AI Mojo,https://aimojo.pro/,Directories,25,
Owwly,https://owwly.com/,Directory,25,
Startup Spotlight,http://tally.so/r/nrLJRp,directory,25,
The Startup Project,https://www.startupproject.org/,Interviews ,25,
Ai Tool Hunt,https://www.aitoolhunt.com/,AI directory,24,
Fazier.com,https://fazier.com/,Directories,24,
Startupbase,https://startupbase.io/,Directory,24,
The Startup INC,https://www.thestartupinc.com/,media,24,
Remotely One ,https://www.remotelyone.com/,Slack Community ,24,
AITopTools,https://aitoptools.com/,AI Tools Directory,23,
AItoptools.com,http://AItoptools.com,AI Tools Directory,23,
NoCodeList,https://nocodelist.co/,Find NoCode Software,23,
AI Center,https://aicenter.ai/?,Find the Best AI Tool for Your Work,23,
SaaS AI Tools,https://saasaitools.com/,AI directory,22,
ToolPilot AI,https://www.toolpilot.ai/,AI directory,22,
#TechMasters,https://techmasters.chat/,Community ,22,
Launched!,https://launched.io/,Community ,22,
Fuse.kiwi,https://www.fuse.kiwi/,Design ,22,
Nocode Devs,https://www.nocodedevs.com/browse-the-directory,Directory,22,
Startups .fyi,http://tally.so/r/3lOGLk,directory,22,
Favird.com,http://favird.com,Fabulously Awesome and Valuable Internet Resource Directory,22,
Kernal,https://kern.al/,Idea platform ,22,
FindMyAITool,https://findmyaitool.com/,List of AI Tools,22,
Alternatives.Co,https://alternatives.co/software/ai-tools/,World's Largest AI Tools Directory,22,
AI Finder,https://ai-finder.net/,AI directory,21,
GPTE,https://gpte.ai/,AI directory,21,
SEOUL Startups,https://www.seoulstartups.com/,Slack Community ,21,
Ben Bites News,https://news.bensbites.com/,AI directory,20,
TEXTIFY,https://textify.ai/directory/,AI directory,20,
Tool Scout,https://toolscout.ai/,AI directory,20,
iLib.com,https://www.ilib.com/,AI Tools Directory,20,
Firebase,https://firebase-community.appspot.com/,Community,20,
Promote Project,promoteproject.com,Directories,20,
Uneed,https://www.uneed.best/submit-a-tool,Directory,20,
Appiod.com,http://appiod.com/submit-app-for-review/,Directory ,20,
AwesomeIndie,https://awesomeindie.com/,Launch Platform,20,
Uneed.best,https://www.uneed.best/,A launch platform for your products,19,
beta candy,betacandy.com,Directories,19,
Startup Chat,https://community.startup.foundation/c/latest,Community ,,
Furlough,https://discord.com/invite/UrFqwSwxvN,Discord,,
Loqol Startup Community,https://discord.gg/79X3j8NHGE,Discord,,
Makers Community ,https://discord.gg/zvE8QjdWaf,Discord,,
Makers HQ,https://discord.com/invite/zvE8QjdWaf,Discord,,
Makerspace,https://discord.gg/GvTmqCZygz,Discord,,
OpenAI discord Server ,https://discord.gg/openai,Discord,,
Retool Discord Server ,https://discord.com/invite/aEHwpVd7yF,Discord,,
Startup India ,https://discord.gg/jtESvh9Pg5,Discord,,
Stripe Discord Server ,https://discord.gg/stripe,Discord,,
30+ Technoprenuers,https://discord.com/invite/H9sJu2p8R9,Discord,,
Advertise Your Startup,https://discord.com/invite/JcGuNVM,Discord,,
Business & Entrepreneur,https://discord.gg/ByW7sUB,Discord,,
CreatorHub - Startups & Projects,https://discord.com/invite/yDkR7veK,Discord,,
"Entrepreneurs, Startups, and Investors",https://discord.com/invite/CAmm94buck,Discord,,
Furlough Community,https://discord.com/invite/furlough,Discord,,
Startup Growth Hub by Projectium,https://discadia.com/projectium-network/,Discord,,
Startups,https://discord.gg/9qsrDuEeZS,Discord,,
Startups & Entrepreneurship,https://discord.gg/wZAjsTp,Discord,,
Tech Startup Community,https://discord.com/invite/gyUKVDGGC6,Discord,,
SaaS Founders - Build & Scale,https://www.facebook.com/groups/saasfoundersnetwork,Facebook,,
SaaS Growth Hacks,https://www.facebook.com/groups/SaaSgrowthhacking/,Facebook,,
SaaS Mantra,https://www.facebook.com/groups/saasmantra,Facebook,,
SaaS Products & Marketing,https://www.facebook.com/groups/saasproductsandmarketing/,Facebook,,
Scaling SaaS Founders,https://www.facebook.com/groups/2044902829088090,Facebook,,
The Startup Chat Mastermind Group,https://www.facebook.com/groups/TheStartupChat,Facebook,,
Band of Entrepreneurs ,https://www.linkedin.com/groups/1789386/,LinkedIn Group,,
Entrepreneur's network,https://www.linkedin.com/groups/91749/,LinkedIn Group,,
Executive Suite ,https://www.linkedin.com/groups/1426/,LinkedIn Group,,
On Startups,https://www.linkedin.com/groups/2877/,LinkedIn Group,,
Startup Specialists Group,https://www.linkedin.com/groups/56766/,LinkedIn Group,,
/r/advancedentrepreneur,https://www.reddit.com/r/advancedentrepreneur/,Reddit,,
/r/alphaandbetausers/,https://www.reddit.com/r/alphaandbetausers/,Reddit,,
/r/Entrepreneur,https://www.reddit.com/r/Entrepreneur/,Reddit,,
/r/GrowMyBusiness,https://www.reddit.com/r/growmybusiness/,Reddit,,
/r/LadyBusiness,https://www.reddit.com/r/ladybusiness/,Reddit,,
/r/roastmystartup,https://www.reddit.com/r/roastmystartup/,Reddit,,
/r/SaaS,https://www.reddit.com/r/SaaS/,Reddit,,
/r/sideproject,https://www.reddit.com/r/SideProject/,Reddit,,
/r/SmallBusiness,https://www.reddit.com/r/smallbusiness/,Reddit,,
/r/Startup,https://www.reddit.com/r/startup/,Reddit,,
/r/sweatystartup/,https://www.reddit.com/r/sweatystartup/,Reddit,,
/r/Plugyourproduct/,https://www.reddit.com/r/plugyourproduct,Subreddit,,
/r/thesidehustle/,reddit.com//r/thesidehustle/,Subreddit,,
r/Advertising,reddit.com/r/Advertising,Subreddit,,
r/ArtificialInteligence/,https://www.reddit.com/r/ArtificialInteligence/,Subreddit,,
r/AskMarketing,reddit.com/r/AskMarketing,Subreddit,,
r/Automate,https://www.reddit.com/r/Automate/,Subreddit,,
r/betatests,https://www.reddit.com/r/betatests/,Subreddit,,
r/Business_Ideas,reddit.com/r/Business_Ideas/,Subreddit,,
r/Businessideas,reddit.com/r/Businessideas/,Subreddit,,
r/coding,https://www.reddit.com/r/coding/,Subreddit,,
r/coupons,Reddit.com/r/coupons/,Subreddit,,
r/design,reddit.com/r/design,Subreddit,,
r/design_critiques/,https://www.reddit.com/r/design_critiques/,Subreddit,,
r/devops,https://www.reddit.com/r/devops/,Subreddit,,
r/DigitalMarketing,https://www.reddit.com/r/DigitalMarketing/,Subreddit,,
r/DotCom,https://www.reddit.com/r/DotCom/,Subreddit,,
r/eCommerce,reddit.com/r/eCommerce,Subreddit,,
r/EmailMarketing,reddit.com/r/EmailMarketing,Subreddit,,
r/EntrepreneurRideAlong,https://www.reddit.com/r/EntrepreneurRideAlong/,Subreddit,,
r/entrepreneurship,reddit.com/r/entrepreneurship,Subreddit,,
r/frontend,reddit.com/r/frontend,Subreddit,,
r/growinpublic,https://www.reddit.com/r/growinpublic/,Subreddit,,
r/GrowthHacking,reddit.com/r/GrowthHacking/,Subreddit,,
r/GrowthHacking/,https://www.reddit.com/r/GrowthHacking/,Subreddit,,
r/IMadeThis,https://www.reddit.com/r/IMadeThis/,Subreddit,,
r/indiebiz,https://www.reddit.com/r/indiebiz/,Subreddit,,
r/indiehackers,https://www.reddit.com/r/indiehackers/,Subreddit,,
r/indieproducts,https://www.reddit.com/r/indieproducts/,Subreddit,,
r/InternetIsBeautiful/,https://www.reddit.com/r/InternetIsBeautiful/,Subreddit,,
r/Marketing,reddit.com/r/marketing,Subreddit,,
r/microsaas,https://www.reddit.com/r/microsaas/,Subreddit,,
r/NicheWebsites/,https://www.reddit.com/r/NicheWebsites/,Subreddit,,
r/nocode/,https://www.reddit.com/r/nocode/,Subreddit,,
r/NoCodeSaaS/,reddit.com/r/NoCodeSaaS/,Subreddit,,
r/Plugyourproduct,reddit.com/r/Plugyourproduct,Subreddit,,
r/ProductHunters/,https://www.reddit.com/r/ProductHunters/,Subreddit,,
r/ProductManagement,https://www.reddit.com/r/ProductManagement/,Subreddit,,
r/programming,reddit.com/r/programming,Subreddit,,
r/Retail,reddit.com/r/Retail,Subreddit,,
r/saas,reddit.com/r/saas,Subreddit,,
r/Sales,reddit.com/r/Sales,Subreddit,,
r/sideproject,https://www.reddit.com/r/sideproject,Subreddit,,
r/Socialpreneur,https://www.reddit.com/r/Socialpreneur/,Subreddit,,
r/software,https://www.reddit.com/r/software/,Subreddit,,
r/startup,reddit.com/r/startup/,Subreddit,,
r/Startup_Ideas,https://www.reddit.com/r/Startup_Ideas/,Subreddit,,
r/startup_resources,reddit.com/r/startup_resources/,Subreddit,,
r/startups,https://www.reddit.com/r/startups/,Subreddit,,
r/streetwearstartup,reddit.com/r/streetwearstartup/,Subreddit,,
r/technology,reddit.com/r/technology,Subreddit,,
r/testmyapp,https://www.reddit.com/r/TestMyApp/,Subreddit,,
r/userexperience,reddit.com/r/userexperience,Subreddit,,
r/VentureCapital,reddit.com/r/VentureCapital/,Subreddit,,
r/VenturedCapital,reddit.com/r/VenturedCapital,Subreddit,,
r/webdesign,reddit.com/r/webdesign,Subreddit,,
r/webdev,https://www.reddit.com/r/webdev/,Subreddit,,
r/WebMarketing,reddit.com/r/WebMarketing,Subreddit,,
r/Alphaandbetausers,reddit.com/r/Alphaandbetausers,Subreddits,,
r/Design_Critiques,reddit.com/r/Design_Critiques,Subreddits,,
r/Entrepreneur,reddit.com/r/Entrepreneur,Subreddits,,
r/Growmybusiness,reddit.com/r/Growmybusiness,Subreddits,,
r/Ladybusiness,reddit.com/r/Ladybusiness,Subreddits,,
r/Roastmystartup,reddit.com/r/Roastmystartup,Subreddits,,
r/Smallbusiness,reddit.com/r/Smallbusiness,Subreddits,,
All Startups,https://www.allstartups.info/,Website/Directory,,
App Rater,https://apprater.net/add/,Website/Directory,,
Awesome Tech Blogs,https://tech-blogs.dev/,Website/Directory,,
Beta List,https://betalist.com,Website/Directory,,
Beta Page,https://betapage.co,Website/Directory,,
Betafy,https://betafy.co/home,Website/Directory,,
Creatorbase,https://www.creatorbase.xyz/,Website/Directory,,
Crunch Base,https://www.crunchbase.com/#/home/index,Website/Directory,,
FounderBeats,https://founderbeats.com,Website/Directory,,
,,,,
Growth Junkie,https://growthjunkie.com,Website/Directory,,
Hackerspad,https://hackerspad.net,Website/Directory,,
Index.co,https://index.co,Website/Directory,,
Killer Startups,https://www.killerstartups.com/submit-startup,Website/Directory,,
Launched,https://launched.io,Website/Directory,,
Make.rs,https://make.rs/,Website/Directory,,
Makerpad,https://www.makerpad.co,Website/Directory,,
Next Big Product,http://nextbigproduct.net/product-submission/,Website/Directory,,
Next Big What,http://nextbigwhat.com/,Website/Directory,,
Open Startup,https://openstartup.tm/,Website/Directory,,
Project Hatch,https://www.projecthatch.co/your-story/,Website/Directory,,
Saasified,https://saasified.co,Website/Directory,,
Show HN,https://news.ycombinator.com/show,Website/Directory,,
Side Projectors,https://www.sideprojectors.com/#/,Website/Directory,,
Side Projects,https://sideprojects.net/,Website/Directory,,
SnapMunk,https://www.snapmunk.com/submit-your-startup/,Website/Directory,,
Startup Base,https://startupbase.io,Website/Directory,,
Startup Deals,https://www.startupdeals.tech/,Website/Directory,,
Startup Lift,http://www.startuplift.com,Website/Directory,,
StartupGuys,https://www.startupguys.net/,Website/Directory,,
Tech Faster,http://techfaster.com/submit-your-company/,Website/Directory,,
Tools for Creators,https://toolsforcreators.co/,Website/Directory,,
uses.tech,https://uses.tech/,Website/Directory,,
VentureBeat Profiles,https://www.vbprofiles.com/,Website/Directory,,
TechPluto,http://www.techpluto.com/submit-a-startup/,Media  ,40,medium impact
PitchWall,https://pitchwall.co/,Directory,48,medium impact
Startup Stash,https://startupstash.com/add-listing/,Directory,48,High Impact
Startup Tracker,https://startuptracker.io/,Directory ,34,Medium Impact
GetApp,https://www.gartner.com/en/digital-markets/basic-listing,Directory,91,High Impact
All Software Categories - GoodFirms,https://www.goodfirms.co/directories/software,Directory,55,High Impact
Software Suggest,https://www.softwaresuggest.com/vendors,Directory,52,High Impact
SoftwareWorld,https://www.softwareworld.co/,Review site,38,medium Impact
Google Business Profile,https://www.google.com/business/,MarketPlace,100,High Impact
Unboxing Startups,https://unboxingstartups.com/contact/,Blog,62,Medium Impact